/*
	CREATE DATABASE A6;
	USE A6;
*/

CREATE TABLE Proizvodjac(
	proizvodjacID int not null,
	naziv varchar(50)
);

CREATE TABLE Gorivo(
	gorivoID int not null,
	naziv varchar(50),
	opis text
);

CREATE TABLE Boja(
	bojaID int not null,
	naziv varchar(30),
	opis text
);

CREATE TABLE Model(
	modelID int not null,
	naziv varchar(50),
	proizvodjacID int
);

CREATE TABLE Vozilo(
	voziloID int not null,
	registracija varchar(5),
	godina_proizvodnje int,
	predjenoKM int,
	modelID int,
	bojaID int,
	gorivoID int
);



/*Primary keys*/
ALTER TABLE Proizvodjac ADD CONSTRAINT PK_Proizvodjac PRIMARY KEY (proizvodjacID);
ALTER TABLE Gorivo ADD CONSTRAINT PK_Gorivo PRIMARY KEY (gorivoID);
ALTER TABLE Boja ADD CONSTRAINT PK_Boja PRIMARY KEY (bojaID);
ALTER TABLE Model ADD CONSTRAINT PK_Model PRIMARY KEY (modelID);
ALTER TABLE Vozilo ADD CONSTRAINT PK_Vozilo PRIMARY KEY (voziloID);

/*Constraints*/

INSERT INTO Proizvodjac	VALUES
	(1,'Prozivodjac1'),
	(2,'Prozivodjac2'),
	(3,'Prozivodjac3'),
	(4,'Prozivodjac4'),
	(5,'Prozivodjac5'),
	(6,'Prozivodjac6'),
	(7,'Prozivodjac7'),
	(8,'Prozivodjac8'),
	(9,'Prozivodjac9'),
	(10,'Prozivodjac10'),
	(11,'Prozivodjac11'),
	(12,'Prozivodjac12'),
	(13,'Prozivodjac13'),
	(14,'Prozivodjac14'),
	(15,'Prozivodjac15');

INSERT INTO Gorivo VALUES
	(1,'Gorivo1','opis'),
	(2,'Gorivo2','opis'),
	(3,'Gorivo3','opis');

INSERT INTO Boja VALUES
	(1,'Boja1','opis'),
	(2,'Boja2','opis'),
	(3,'Boja3','opis'),
	(4,'Boja4','opis'),
	(5,'Boja5','opis'),
	(6,'Boja6','opis'),
	(7,'Boja7','opis'),
	(8,'Boja8','opis'),
	(9,'Boja9','opis'),
	(10,'Boja10','opis'),
	(11,'Boja11','opis'),
	(12,'Boja12','opis'),
	(13,'Boja13','opis'),
	(14,'Boja14','opis'),
	(15,'Boja15','opis'),
	(16,'Boja16','opis'),
	(17,'Boja17','opis'),
	(18,'Boja18','opis'),
	(19,'Boja19','opis'),
	(20,'Boja20','opis'),
	(21,'Boja21','opis'),
	(22,'Boja22','opis'),
	(23,'Boja23','opis'),
	(24,'Boja24','opis'),
	(25,'Boja25','opis');

INSERT INTO Model VALUES
	(1,'Model1',1),
	(2,'Model2',1),
	(3,'Model3',1),
	(4,'Model4',1),
	(5,'Model1',2),
	(6,'Model2',2),
	(7,'Model3',2),
	(8,'Model4',2),
	(9,'Model5',2),
	(10,'Model6',2),
	(11,'Model1',3),
	(12,'Model2',3),
	(13,'Model3',3),
	(14,'Model4',3),
	(15,'Model5',3),
	(16,'Model6',3),
	(17,'Model7',3),
	(18,'Model8',3),
	(19,'Model1',4),
	(20,'Model2',4),
	(21,'Model3',4),
	(22,'Model1',5),
	(23,'Model2',5),
	(24,'Model3',5),
	(25,'Model4',5),
	(26,'Model5',5),
	(27,'Model6',5),
	(28,'Model1',6),
	(29,'Model2',6),
	(30,'Model3',6),
	(31,'Model4',6),
	(32,'Model1',7),
	(33,'Model2',7),
	(34,'Model3',7),
	(35,'Model4',7),
	(36,'Model5',7),
	(37,'Model1',8),
	(38,'Model1',9),
	(39,'Model2',9),
	(40,'Model3',9),
	(41,'Model4',9),
	(42,'Model5',9),
	(43,'Model6',9),
	(44,'Model7',9),
	(45,'Model8',9),
	(46,'Model9',9),
	(47,'Model1',10),
	(48,'Model2',10),
	(49,'Model3',10),
	(50,'Model4',10),
	(51,'Model1',11),
	(52,'Model2',11),
	(53,'Model3',11),
	(54,'Model4',11),
	(55,'Model5',11),
	(56,'Model6',11),
	(57,'Model7',11),
	(58,'Model8',11),
	(59,'Model9',11),
	(60,'Model1',12),
	(61,'Model2',12),
	(62,'Model3',12),
	(63,'Model1',13),
	(64,'Model1',14),
	(65,'Model1',15),
	(66,'Model2',15);

INSERT INTO Vozilo VALUES 
	(1,4,'FALSE','FALSE',2007,75000,9000,2,15,2),
	(2,2,'FALSE','FALSE',2011,87000,4000,56,18,3),
	(3,5,'FALSE','TRUE',2008,116000,14000,44,1,2),
	(4,11,'FALSE','FALSE',2000,153000,9000,19,6,1),
	(5,1,'TRUE','TRUE',2005,128000,4000,59,1,3),
	(6,14,'TRUE','TRUE',2003,199000,3000,60,21,3),
	(7,13,'FALSE','TRUE',2010,208000,4000,15,8,3),
	(8,12,'TRUE','FALSE',2014,127000,2000,62,21,2),
	(9,8,'FALSE','TRUE',2003,177000,6000,4,19,3),
	(10,15,'FALSE','TRUE',2007,42000,11000,51,11,2),
	(11,1,'TRUE','TRUE',2003,43000,3000,31,4,3),
	(12,1,'FALSE','FALSE',2005,77000,14000,36,11,3),
	(13,13,'FALSE','FALSE',2013,161000,2000,26,7,3),
	(14,11,'TRUE','FALSE',2002,61000,1000,32,23,2),
	(15,6,'TRUE','FALSE',2012,191000,8000,32,2,3),
	(16,4,'FALSE','TRUE',2001,238000,11000,56,25,3),
	(17,10,'TRUE','FALSE',2002,209000,13000,26,20,3),
	(18,15,'FALSE','FALSE',2008,223000,6000,30,5,1),
	(19,2,'FALSE','FALSE',2005,103000,9000,16,5,3),
	(20,9,'FALSE','TRUE',2003,82000,4000,17,21,3),
	(21,13,'TRUE','TRUE',2013,122000,14000,42,13,1),
	(22,2,'FALSE','FALSE',2012,163000,11000,39,18,1),
	(23,15,'TRUE','FALSE',2001,234000,10000,12,21,1),
	(24,10,'FALSE','FALSE',2006,93000,1000,44,16,3),
	(25,11,'TRUE','TRUE',2013,193000,13000,26,3,2),
	(26,1,'FALSE','FALSE',2007,166000,9000,16,8,2),
	(27,15,'FALSE','TRUE',2011,186000,10000,56,1,3),
	(28,10,'FALSE','TRUE',2009,55000,1000,54,22,2),
	(29,8,'TRUE','TRUE',2013,186000,12000,9,5,1),
	(30,3,'TRUE','TRUE',2014,61000,1000,34,18,3),
	(31,11,'FALSE','TRUE',2012,15000,11000,11,19,2),
	(32,4,'TRUE','FALSE',2014,179000,11000,6,18,1),
	(33,2,'TRUE','FALSE',2006,164000,8000,37,17,3),
	(34,10,'FALSE','TRUE',2003,39000,7000,5,3,3),
	(35,1,'FALSE','TRUE',2011,183000,14000,26,22,3),
	(36,9,'TRUE','TRUE',2004,222000,8000,53,11,2),
	(37,15,'TRUE','TRUE',2013,76000,6000,55,14,1),
	(38,15,'TRUE','TRUE',2000,225000,9000,56,2,1),
	(39,4,'TRUE','TRUE',2014,21000,11000,51,1,2),
	(40,8,'TRUE','FALSE',2014,117000,10000,58,3,3),
	(41,10,'TRUE','TRUE',2010,233000,3000,62,11,3),
	(42,8,'FALSE','TRUE',2011,125000,12000,33,15,1),
	(43,4,'TRUE','TRUE',2007,44000,4000,60,8,1),
	(44,5,'TRUE','FALSE',2008,53000,12000,56,6,3),
	(45,9,'FALSE','TRUE',2002,18000,10000,63,7,2),
	(46,3,'FALSE','FALSE',2014,119000,13000,39,16,1),
	(47,9,'TRUE','FALSE',2002,196000,9000,65,17,2),
	(48,4,'FALSE','TRUE',2007,235000,4000,56,23,1),
	(49,11,'TRUE','FALSE',2008,144000,13000,51,20,2),
	(50,6,'TRUE','FALSE',2010,246000,9000,47,8,1),
	(51,1,'TRUE','FALSE',2011,51000,6000,18,18,1),
	(52,3,'FALSE','FALSE',2008,40000,8000,53,22,2),
	(53,2,'FALSE','FALSE',2000,99000,1000,5,15,2),
	(54,13,'FALSE','FALSE',2011,205000,10000,14,21,2),
	(55,5,'FALSE','FALSE',2008,89000,13000,41,15,1),
	(56,12,'FALSE','TRUE',2000,231000,2000,6,15,2),
	(57,8,'FALSE','TRUE',2011,176000,9000,2,12,1),
	(58,5,'TRUE','FALSE',2002,92000,5000,5,12,3),
	(59,9,'FALSE','FALSE',2010,114000,11000,57,8,3),
	(60,3,'FALSE','FALSE',2012,169000,4000,21,18,3),
	(61,7,'FALSE','TRUE',2005,146000,13000,49,8,1),
	(62,6,'FALSE','TRUE',2013,240000,7000,15,13,1),
	(63,11,'FALSE','FALSE',2004,223000,6000,55,21,3),
	(64,8,'TRUE','FALSE',2008,210000,9000,28,17,3),
	(65,10,'TRUE','FALSE',2011,242000,2000,43,13,3),
	(66,5,'TRUE','FALSE',2002,162000,3000,15,15,3),
	(67,6,'TRUE','FALSE',2013,137000,11000,13,6,3),
	(68,6,'FALSE','FALSE',2012,121000,5000,38,15,1),
	(69,1,'FALSE','FALSE',2005,164000,6000,45,14,2),
	(70,14,'TRUE','FALSE',2009,92000,4000,47,2,2),
	(71,3,'FALSE','FALSE',2003,142000,11000,19,7,3),
	(72,15,'TRUE','FALSE',2007,154000,1000,57,5,2),
	(73,2,'FALSE','TRUE',2004,62000,14000,14,9,3),
	(74,1,'FALSE','TRUE',2007,47000,6000,51,10,3),
	(75,10,'FALSE','TRUE',2000,38000,6000,46,19,1),
	(76,11,'TRUE','FALSE',2011,192000,3000,43,16,1),
	(77,1,'FALSE','FALSE',2010,20000,4000,61,7,2),
	(78,4,'TRUE','TRUE',2006,192000,4000,16,7,2),
	(79,3,'TRUE','FALSE',2001,156000,7000,55,13,3),
	(80,2,'TRUE','FALSE',2004,221000,8000,18,18,2),
	(81,5,'FALSE','FALSE',2002,43000,12000,56,11,1),
	(82,14,'TRUE','FALSE',2007,137000,8000,54,12,2),
	(83,5,'FALSE','TRUE',2000,220000,8000,18,21,1),
	(84,9,'FALSE','FALSE',2010,53000,1000,50,24,2),
	(85,10,'FALSE','FALSE',2014,73000,3000,13,24,1),
	(86,6,'FALSE','FALSE',2007,120000,6000,64,25,3),
	(87,4,'TRUE','TRUE',2003,234000,5000,56,8,2),
	(88,12,'TRUE','TRUE',2008,196000,9000,10,6,2),
	(89,11,'TRUE','FALSE',2001,213000,14000,19,22,1),
	(90,5,'TRUE','FALSE',2001,187000,3000,20,14,3),
	(91,5,'TRUE','TRUE',2008,41000,14000,48,11,3),
	(92,3,'FALSE','FALSE',2001,89000,4000,62,8,2),
	(93,2,'TRUE','TRUE',2001,236000,1000,3,14,1),
	(94,15,'FALSE','TRUE',2012,67000,4000,59,21,3),
	(95,7,'TRUE','TRUE',2010,103000,6000,14,3,1),
	(96,8,'TRUE','FALSE',2004,54000,7000,37,6,2),
	(97,5,'TRUE','TRUE',2014,141000,9000,47,20,3),
	(98,5,'TRUE','FALSE',2008,69000,8000,28,13,1),
	(99,7,'TRUE','FALSE',2014,218000,12000,3,14,2),
	(100,8,'FALSE','TRUE',2000,81000,1000,52,15,2),
	(101,7,'TRUE','FALSE',2009,13000,9000,42,24,3),
	(102,7,'FALSE','FALSE',2003,213000,10000,18,3,3),
	(103,12,'TRUE','TRUE',2008,238000,14000,13,5,1),
	(104,6,'TRUE','TRUE',2008,197000,10000,63,1,1),
	(105,10,'FALSE','TRUE',2001,94000,14000,6,16,2),
	(106,8,'TRUE','FALSE',2011,186000,3000,12,1,1),
	(107,3,'FALSE','TRUE',2008,110000,12000,33,8,2),
	(108,12,'FALSE','TRUE',2003,71000,12000,42,16,1),
	(109,8,'FALSE','FALSE',2006,130000,5000,24,18,3),
	(110,5,'FALSE','FALSE',2012,108000,11000,26,20,1),
	(111,9,'TRUE','TRUE',2007,154000,1000,19,9,3),
	(112,8,'TRUE','TRUE',2014,43000,2000,64,17,2),
	(113,5,'FALSE','TRUE',2002,57000,10000,63,6,3),
	(114,2,'FALSE','TRUE',2005,216000,7000,42,2,2),
	(115,13,'TRUE','TRUE',2013,49000,3000,39,22,2),
	(116,13,'TRUE','TRUE',2006,217000,11000,23,3,1),
	(117,14,'TRUE','FALSE',2010,144000,6000,22,5,2),
	(118,5,'TRUE','TRUE',2008,97000,1000,38,4,2),
	(119,6,'TRUE','FALSE',2002,147000,5000,15,4,3),
	(120,5,'FALSE','TRUE',2010,22000,11000,31,19,3),
	(121,10,'TRUE','TRUE',2009,150000,1000,49,7,3),
	(122,2,'TRUE','FALSE',2005,215000,10000,8,25,3),
	(123,7,'FALSE','FALSE',2008,134000,6000,32,1,2),
	(124,6,'FALSE','TRUE',2008,35000,9000,26,24,1),
	(125,4,'FALSE','FALSE',2008,110000,5000,39,3,3),
	(126,15,'FALSE','FALSE',2005,143000,1000,5,25,1),
	(127,13,'TRUE','FALSE',2000,49000,8000,35,9,2),
	(128,11,'FALSE','TRUE',2004,241000,13000,42,23,1),
	(129,14,'FALSE','TRUE',2007,244000,7000,36,13,1),
	(130,10,'TRUE','TRUE',2014,135000,2000,42,14,3),
	(131,8,'TRUE','FALSE',2003,20000,1000,47,22,2),
	(132,12,'FALSE','FALSE',2013,182000,10000,53,5,1),
	(133,11,'TRUE','TRUE',2001,123000,10000,33,22,1),
	(134,8,'FALSE','TRUE',2000,174000,6000,6,3,3),
	(135,11,'FALSE','FALSE',2003,202000,2000,60,21,3),
	(136,2,'FALSE','TRUE',2006,55000,6000,66,24,1),
	(137,11,'TRUE','FALSE',2013,187000,3000,49,6,1),
	(138,8,'FALSE','FALSE',2008,207000,9000,62,2,2),
	(139,4,'TRUE','FALSE',2000,63000,10000,55,11,1),
	(140,1,'TRUE','FALSE',2009,18000,11000,14,10,3),
	(141,1,'FALSE','FALSE',2010,134000,9000,66,10,1),
	(142,13,'FALSE','FALSE',2010,135000,2000,57,19,2),
	(143,11,'FALSE','TRUE',2000,25000,5000,2,19,1),
	(144,9,'FALSE','FALSE',2003,94000,7000,61,24,1),
	(145,9,'FALSE','FALSE',2013,12000,12000,37,25,3),
	(146,4,'TRUE','FALSE',2006,202000,5000,16,14,2),
	(147,8,'FALSE','FALSE',2008,168000,12000,31,11,2),
	(148,7,'FALSE','TRUE',2006,198000,9000,60,8,1),
	(149,10,'FALSE','FALSE',2004,127000,2000,30,20,2),
	(150,10,'TRUE','TRUE',2005,13000,12000,54,10,3),
	(151,7,'FALSE','FALSE',2001,122000,9000,23,3,2),
	(152,11,'FALSE','FALSE',2014,135000,8000,10,16,3),
	(153,15,'TRUE','TRUE',2010,44000,13000,26,22,1),
	(154,7,'TRUE','FALSE',2005,167000,6000,42,11,1),
	(155,4,'TRUE','TRUE',2001,246000,6000,48,19,1),
	(156,14,'FALSE','FALSE',2008,64000,6000,4,22,1),
	(157,8,'FALSE','FALSE',2000,185000,9000,24,23,1),
	(158,12,'TRUE','TRUE',2002,81000,2000,13,23,1),
	(159,8,'FALSE','TRUE',2001,240000,6000,55,13,1),
	(160,10,'FALSE','FALSE',2003,79000,12000,13,4,3),
	(161,8,'TRUE','FALSE',2010,188000,2000,22,24,2),
	(162,15,'FALSE','TRUE',2008,96000,5000,17,15,1),
	(163,15,'TRUE','FALSE',2006,65000,4000,30,19,3),
	(164,4,'FALSE','TRUE',2004,237000,3000,28,18,3),
	(165,6,'FALSE','TRUE',2001,194000,1000,66,23,3),
	(166,13,'TRUE','FALSE',2007,238000,10000,51,5,3),
	(167,13,'TRUE','FALSE',2008,65000,14000,8,4,2),
	(168,6,'FALSE','FALSE',2003,43000,10000,42,23,3),
	(169,14,'FALSE','FALSE',2012,117000,5000,32,16,3),
	(170,7,'FALSE','FALSE',2005,141000,11000,30,14,2),
	(171,12,'FALSE','FALSE',2001,247000,10000,40,16,1),
	(172,15,'FALSE','FALSE',2013,220000,1000,62,22,1),
	(173,2,'TRUE','FALSE',2009,25000,9000,20,17,2),
	(174,12,'FALSE','TRUE',2000,194000,9000,2,23,1),
	(175,4,'FALSE','FALSE',2014,59000,12000,5,13,1),
	(176,12,'FALSE','FALSE',2008,111000,10000,30,10,2),
	(177,1,'TRUE','FALSE',2014,203000,5000,15,21,2),
	(178,3,'FALSE','FALSE',2004,215000,14000,2,19,1),
	(179,7,'TRUE','FALSE',2011,141000,8000,37,13,1),
	(180,10,'TRUE','FALSE',2005,151000,6000,6,25,3),
	(181,5,'TRUE','TRUE',2008,198000,6000,12,22,2),
	(182,4,'TRUE','FALSE',2012,133000,10000,46,2,1),
	(183,10,'TRUE','FALSE',2003,113000,4000,14,15,2),
	(184,2,'FALSE','TRUE',2006,71000,13000,16,19,2),
	(185,15,'FALSE','TRUE',2006,160000,10000,65,9,1),
	(186,7,'FALSE','FALSE',2013,172000,8000,9,11,3),
	(187,3,'TRUE','FALSE',2011,101000,3000,57,3,1),
	(188,4,'FALSE','TRUE',2012,150000,11000,13,18,1),
	(189,15,'TRUE','FALSE',2013,69000,2000,15,20,3),
	(190,13,'TRUE','TRUE',2011,80000,12000,7,2,3),
	(191,11,'TRUE','TRUE',2001,151000,8000,42,18,2),
	(192,14,'FALSE','TRUE',2014,174000,14000,23,4,1),
	(193,3,'TRUE','FALSE',2010,134000,9000,27,2,3),
	(194,14,'TRUE','FALSE',2005,188000,8000,5,12,2),
	(195,12,'FALSE','FALSE',2001,72000,8000,37,9,1),
	(196,9,'FALSE','FALSE',2002,117000,3000,44,24,3),
	(197,14,'TRUE','FALSE',2012,178000,8000,41,19,1),
	(198,1,'FALSE','FALSE',2010,227000,3000,37,15,1),
	(199,9,'TRUE','TRUE',2004,43000,3000,25,21,1),
	(200,7,'FALSE','TRUE',2005,173000,12000,51,5,2),
	(201,11,'FALSE','TRUE',2001,120000,8000,19,13,3),
	(202,6,'FALSE','FALSE',2004,157000,13000,59,3,3),
	(203,12,'FALSE','FALSE',2008,123000,13000,22,6,1),
	(204,4,'FALSE','FALSE',2000,228000,11000,50,22,2),
	(205,2,'TRUE','FALSE',2007,11000,9000,27,25,3),
	(206,5,'TRUE','TRUE',2002,122000,9000,61,1,2),
	(207,9,'TRUE','TRUE',2004,192000,4000,32,2,3),
	(208,14,'TRUE','FALSE',2003,141000,11000,15,21,2),
	(209,4,'TRUE','FALSE',2003,45000,7000,63,1,1),
	(210,14,'TRUE','TRUE',2004,35000,13000,10,4,3),
	(211,4,'FALSE','FALSE',2005,16000,14000,52,12,2),
	(212,15,'TRUE','FALSE',2005,232000,10000,62,17,3),
	(213,15,'TRUE','FALSE',2014,93000,11000,11,14,3),
	(214,10,'FALSE','TRUE',2001,23000,6000,1,1,1),
	(215,15,'FALSE','TRUE',2009,122000,10000,58,1,3),
	(216,8,'FALSE','TRUE',2008,92000,7000,6,5,3),
	(217,12,'TRUE','TRUE',2014,56000,7000,1,5,3),
	(218,6,'FALSE','TRUE',2002,91000,13000,43,25,3),
	(219,9,'TRUE','FALSE',2004,29000,5000,52,16,3),
	(220,12,'TRUE','TRUE',2012,16000,13000,38,7,3),
	(221,9,'FALSE','FALSE',2010,159000,5000,57,13,1),
	(222,14,'TRUE','TRUE',2003,226000,5000,45,13,3),
	(223,15,'TRUE','TRUE',2001,59000,8000,33,6,1),
	(224,8,'FALSE','FALSE',2002,157000,1000,13,2,1),
	(225,1,'FALSE','FALSE',2008,117000,8000,10,22,1),
	(226,12,'FALSE','TRUE',2014,42000,8000,4,15,3),
	(227,9,'TRUE','FALSE',2002,64000,6000,14,9,3),
	(228,6,'FALSE','FALSE',2002,21000,12000,20,16,2),
	(229,2,'TRUE','FALSE',2009,242000,5000,18,20,2),
	(230,14,'FALSE','TRUE',2003,33000,1000,17,16,2),
	(231,5,'FALSE','FALSE',2004,92000,2000,39,19,1),
	(232,9,'FALSE','FALSE',2005,169000,8000,61,24,1),
	(233,13,'FALSE','TRUE',2006,225000,7000,49,8,3),
	(234,9,'TRUE','FALSE',2010,231000,6000,15,25,3),
	(235,15,'FALSE','TRUE',2013,18000,4000,15,18,1),
	(236,3,'FALSE','FALSE',2013,91000,3000,56,11,3),
	(237,2,'FALSE','FALSE',2002,148000,1000,21,1,2),
	(238,7,'FALSE','FALSE',2001,39000,10000,51,24,1),
	(239,2,'FALSE','FALSE',2004,56000,3000,19,15,3),
	(240,14,'FALSE','FALSE',2007,219000,8000,50,3,1),
	(241,12,'FALSE','TRUE',2000,150000,1000,39,19,3),
	(242,9,'TRUE','TRUE',2003,42000,6000,1,19,2),
	(243,12,'FALSE','FALSE',2012,225000,14000,24,10,1),
	(244,13,'FALSE','FALSE',2001,92000,1000,38,1,1),
	(245,14,'TRUE','TRUE',2013,176000,7000,22,19,2),
	(246,4,'FALSE','FALSE',2005,128000,2000,4,25,1),
	(247,7,'FALSE','FALSE',2003,169000,3000,48,19,3),
	(248,14,'TRUE','FALSE',2006,168000,2000,19,3,2),
	(249,2,'FALSE','TRUE',2003,124000,3000,31,3,3),
	(250,12,'TRUE','TRUE',2012,29000,6000,50,4,1),
	(251,4,'FALSE','TRUE',2002,48000,14000,43,11,1),
	(252,13,'FALSE','TRUE',2006,33000,6000,33,24,1),
	(253,3,'TRUE','TRUE',2011,192000,8000,32,24,1),
	(254,5,'TRUE','TRUE',2005,177000,8000,4,2,2),
	(255,4,'FALSE','FALSE',2002,157000,1000,57,17,1),
	(256,11,'TRUE','TRUE',2000,89000,2000,21,16,3),
	(257,9,'TRUE','FALSE',2013,177000,4000,43,8,2),
	(258,15,'TRUE','TRUE',2007,99000,1000,2,8,1),
	(259,5,'FALSE','FALSE',2006,223000,2000,17,20,2),
	(260,15,'TRUE','FALSE',2002,19000,2000,34,12,2),
	(261,7,'TRUE','TRUE',2007,143000,5000,46,22,1),
	(262,3,'TRUE','FALSE',2005,16000,1000,10,25,2),
	(263,7,'TRUE','FALSE',2012,160000,13000,41,18,1),
	(264,10,'FALSE','TRUE',2000,10000,13000,28,15,3),
	(265,12,'FALSE','TRUE',2003,185000,1000,59,2,2),
	(266,10,'FALSE','TRUE',2010,23000,1000,29,2,1),
	(267,1,'FALSE','FALSE',2004,227000,12000,19,2,1),
	(268,12,'TRUE','TRUE',2000,231000,7000,8,10,1),
	(269,5,'TRUE','TRUE',2008,240000,9000,21,25,1),
	(270,12,'FALSE','FALSE',2005,150000,14000,42,10,3),
	(271,4,'TRUE','FALSE',2008,242000,10000,62,3,3),
	(272,7,'FALSE','FALSE',2012,147000,10000,59,4,3),
	(273,13,'TRUE','FALSE',2002,14000,13000,50,13,1),
	(274,6,'TRUE','FALSE',2003,112000,8000,32,23,3),
	(275,5,'FALSE','TRUE',2011,158000,13000,47,22,2),
	(276,7,'FALSE','TRUE',2000,125000,7000,7,20,3),
	(277,5,'TRUE','TRUE',2014,200000,7000,36,15,2),
	(278,5,'TRUE','TRUE',2002,89000,10000,49,15,2),
	(279,10,'TRUE','FALSE',2011,114000,3000,34,9,2),
	(280,12,'TRUE','FALSE',2002,42000,9000,43,4,3),
	(281,8,'TRUE','FALSE',2011,69000,1000,15,11,2),
	(282,4,'TRUE','FALSE',2010,85000,13000,1,13,3),
	(283,1,'FALSE','FALSE',2004,122000,7000,63,20,1),
	(284,11,'TRUE','TRUE',2007,127000,3000,59,6,1),
	(285,8,'FALSE','FALSE',2012,144000,1000,32,7,1),
	(286,14,'TRUE','FALSE',2001,47000,10000,61,16,2),
	(287,3,'TRUE','FALSE',2007,208000,7000,49,13,1),
	(288,9,'FALSE','FALSE',2006,202000,2000,39,14,2),
	(289,14,'TRUE','FALSE',2009,198000,4000,29,2,3),
	(290,5,'FALSE','FALSE',2006,152000,13000,39,19,3),
	(291,7,'FALSE','TRUE',2004,34000,1000,46,23,2),
	(292,4,'TRUE','TRUE',2013,125000,9000,65,25,2),
	(293,10,'FALSE','TRUE',2009,19000,11000,52,11,3),
	(294,6,'TRUE','TRUE',2013,222000,1000,10,4,2),
	(295,10,'FALSE','TRUE',2014,239000,13000,49,6,2),
	(296,7,'TRUE','TRUE',2005,116000,9000,31,25,1),
	(297,8,'FALSE','FALSE',2003,141000,10000,12,9,3),
	(298,5,'TRUE','FALSE',2003,187000,6000,6,9,2),
	(299,5,'FALSE','FALSE',2008,218000,12000,8,10,3),
	(300,11,'TRUE','FALSE',2008,120000,13000,57,17,1);

/*Foreign keys*/
ALTER TABLE Vozilo ADD CONSTRAINT FK_Vozilo_modelID FOREIGN KEY (modelID) REFERENCES Model(modelID) ON DELETE CASCADE;
ALTER TABLE Vozilo ADD CONSTRAINT FK_Vozilo_bojaID FOREIGN KEY (bojaID) REFERENCES Boja(bojaID) ON DELETE CASCADE;
ALTER TABLE Vozilo ADD CONSTRAINT FK_Vozilo_gorivoID FOREIGN KEY (gorivoID) REFERENCES Gorivo(gorivoID) ON DELETE CASCADE;
ALTER TABLE Model ADD CONSTRAINT FK_Model_proizvodjacID FOREIGN KEY (proizvodjacID) REFERENCES Proizvodjac(proizvodjacID) ON DELETE CASCADE;

/*Dopuna*/
CREATE TABLE Vlasnik(
	vlasnikID int not null,
	ime varchar(30),
	prezime varchar(50),
	telefon varchar(15),
	adresa varchar(50)
);

ALTER TABLE Vozilo ADD vlasnikID int;
ALTER TABLE Vozilo ADD prvi_vlasnik varchar(5);
ALTER TABLE Vozilo ADD cena int;
ALTER TABLE Vozilo ADD CONSTRAINT cena CHECK(cena>0);
ALTER TABLE Vozilo ADD CONSTRAINT prvi_vlasnik CHECK(prvi_vlasnik IN('TRUE','FALSE'));
ALTER TABLE Vozilo ADD CONSTRAINT registracija CHECK(registracija IN('TRUE','FALSE'));
ALTER TABLE Vlasnik ADD CONSTRAINT PK_Vlasnik PRIMARY KEY (vlasnikID);
ALTER TABLE Vozilo ADD CONSTRAINT FK_Vozilo_vlasnikID FOREIGN KEY (vlasnikID) REFERENCES Vlasnik(vlasnikID) ON DELETE CASCADE;

/*
	USE master;
	DROP DATABASE A6;
*/